{
  "GradientBoosting": {
    "mse": 2754.021768865556,
    "rmse": 52.47877446040024,
    "mae": 40.774006423236635,
    "r2": 0.43527073266634086
  },
  "XGBoost": {
    "mse": 2784.3251953125,
    "rmse": 52.766705367234174,
    "mae": 40.72029113769531,
    "r2": 0.4290567636489868
  },
  "AdaBoost": {
    "mse": 2430.761144504536,
    "rmse": 49.302749867573674,
    "mae": 38.39283962040313,
    "r2": 0.501557331275334
  },
  "LightGBM": {
    "mse": 2629.678912451325,
    "rmse": 51.28039501067952,
    "mae": 38.41207435655738,
    "r2": 0.4607680075952564
  },
  "CatBoost": {
    "mse": 2712.206014515229,
    "rmse": 52.078844212551694,
    "mae": 40.36390317887838,
    "r2": 0.44384531278921047
  }
}