{
  "GradientBoosting": {
    "Hurricane": {
      "mse": 1777.5302222064017,
      "rmse": 42.16076638542523,
      "mae": 35.669930232769296,
      "r2": 0.5893167602710013
    },
    "Flood": {
      "mse": 3560.986805658086,
      "rmse": 59.67400443792997,
      "mae": 44.71675395264737,
      "r2": 0.5237171680181965
    },
    "Heatwave": {
      "mse": 4296.601329910321,
      "rmse": 65.54846550385692,
      "mae": 54.963964340428966,
      "r2": 0.14629154962782065
    },
    "Wildfire": {
      "mse": 2623.146959656011,
      "rmse": 51.21666681516878,
      "mae": 37.45250486785891,
      "r2": 0.36928163255247726
    },
    "Tornado": {
      "mse": 2068.236937164909,
      "rmse": 45.47787305014285,
      "mae": 35.022950837703924,
      "r2": 0.4388573480763588
    }
  },
  "XGBoost": {
    "Heatwave": {
      "mse": 4108.3203125,
      "rmse": 64.0961801708963,
      "mae": 53.73785400390625,
      "r2": 0.18370181322097778
    },
    "Flood": {
      "mse": 3811.322509765625,
      "rmse": 61.735909402596675,
      "mae": 41.96788787841797,
      "r2": 0.4902346730232239
    },
    "Hurricane": {
      "mse": 2158.240966796875,
      "rmse": 46.45687211594077,
      "mae": 39.225975036621094,
      "r2": 0.5013567209243774
    },
    "Tornado": {
      "mse": 1785.2607421875,
      "rmse": 42.25234599625801,
      "mae": 32.71271896362305,
      "r2": 0.5156328678131104
    },
    "Wildfire": {
      "mse": 2616.648193359375,
      "rmse": 51.15318360922783,
      "mae": 38.524566650390625,
      "r2": 0.37084412574768066
    }
  },
  "AdaBoost": {
    "Tornado": {
      "mse": 1443.0925835779449,
      "rmse": 37.988058433907156,
      "mae": 28.776186056447706,
      "r2": 0.6084680701862449
    },
    "Heatwave": {
      "mse": 3409.0122932639224,
      "rmse": 58.38674758251158,
      "mae": 50.004656419611656,
      "r2": 0.32265007183182226
    },
    "Wildfire": {
      "mse": 2412.8798317469355,
      "rmse": 49.12107319416928,
      "mae": 36.831199354787984,
      "r2": 0.41983897519563684
    },
    "Hurricane": {
      "mse": 1709.516592660057,
      "rmse": 41.34630083405355,
      "mae": 35.53446056034705,
      "r2": 0.6050307309134524
    },
    "Flood": {
      "mse": 3772.9220770136894,
      "rmse": 61.42411641215272,
      "mae": 44.699337416919725,
      "r2": 0.4953707750807971
    }
  },
  "LightGBM": {
    "Tornado": {
      "mse": 1710.5181895839382,
      "rmse": 41.35841135227438,
      "mae": 31.734322912192177,
      "r2": 0.5359116280059819
    },
    "Flood": {
      "mse": 3250.6381209754286,
      "rmse": 57.014367671451275,
      "mae": 41.124944782967894,
      "r2": 0.5652263783886536
    },
    "Hurricane": {
      "mse": 1651.111419856001,
      "rmse": 40.6338703528965,
      "mae": 33.25872229333318,
      "r2": 0.6185247493466965
    },
    "Wildfire": {
      "mse": 3403.2227418335838,
      "rmse": 58.33714718627903,
      "mae": 39.20714524893259,
      "r2": 0.18171756108127457
    },
    "Heatwave": {
      "mse": 3446.541762798772,
      "rmse": 58.70725477144006,
      "mae": 49.510973849059546,
      "r2": 0.31519319537999757
    }
  },
  "CatBoost": {
    "Tornado": {
      "mse": 1343.016373317676,
      "rmse": 36.64718779548679,
      "mae": 29.533256896013974,
      "r2": 0.6356201962366064
    },
    "Hurricane": {
      "mse": 1719.2805173853662,
      "rmse": 41.464207666195264,
      "mae": 35.4085463406471,
      "r2": 0.6027748591490428
    },
    "Wildfire": {
      "mse": 2688.2472667286365,
      "rmse": 51.848310162710575,
      "mae": 39.81947301456642,
      "r2": 0.3536286935335504
    },
    "Heatwave": {
      "mse": 4123.089744944219,
      "rmse": 64.21128985578953,
      "mae": 54.09443481822637,
      "r2": 0.1807672421459633
    },
    "Flood": {
      "mse": 4495.233544548911,
      "rmse": 67.04650285099821,
      "mae": 47.48317674490393,
      "r2": 0.3987614445480403
    }
  }
}