{
  "GradientBoosting": {
    "Heatwave": {
      "mse": 4818.554452014229,
      "rmse": 69.41580837254746,
      "mae": 58.05443537627905,
      "r2": 0.042582651169803976
    },
    "Tornado": {
      "mse": 1563.067693650375,
      "rmse": 39.535650919775875,
      "mae": 31.1565073537043,
      "r2": 0.5759170842614122
    },
    "Wildfire": {
      "mse": 2999.375069575722,
      "rmse": 54.76655064522251,
      "mae": 39.66509783315466,
      "r2": 0.27882006752161625
    },
    "Flood": {
      "mse": 4775.741587113548,
      "rmse": 69.10674053313141,
      "mae": 47.84790929795206,
      "r2": 0.3612434271563224
    },
    "Hurricane": {
      "mse": 1772.5547122408454,
      "rmse": 42.101718637614375,
      "mae": 34.914359292662326,
      "r2": 0.5904663095312228
    }
  },
  "XGBoost": {
    "Heatwave": {
      "mse": 4066.0615234375,
      "rmse": 63.765676687678145,
      "mae": 53.453330993652344,
      "r2": 0.19209837913513184
    },
    "Wildfire": {
      "mse": 3069.276123046875,
      "rmse": 55.40104803202621,
      "mae": 42.271331787109375,
      "r2": 0.262012779712677
    },
    "Tornado": {
      "mse": 1372.2642822265625,
      "rmse": 37.04408565785587,
      "mae": 28.99123191833496,
      "r2": 0.6276847720146179
    },
    "Hurricane": {
      "mse": 2027.8023681640625,
      "rmse": 45.03112665883525,
      "mae": 34.82831954956055,
      "r2": 0.5314934849739075
    },
    "Flood": {
      "mse": 4751.64306640625,
      "rmse": 68.93216278636737,
      "mae": 47.98545837402344,
      "r2": 0.3644665479660034
    }
  },
  "AdaBoost": {
    "Heatwave": {
      "mse": 3476.4508102467894,
      "rmse": 58.96143494053371,
      "mae": 49.9544230621498,
      "r2": 0.30925045026859876
    },
    "Wildfire": {
      "mse": 2467.466484643412,
      "rmse": 49.67359947339645,
      "mae": 37.067214221013984,
      "r2": 0.4067139749082702
    },
    "Hurricane": {
      "mse": 1721.076740413748,
      "rmse": 41.48586193408241,
      "mae": 35.63109711786769,
      "r2": 0.6023598570954316
    },
    "Tornado": {
      "mse": 1319.9673886141782,
      "rmse": 36.33135544697139,
      "mae": 28.778370834044694,
      "r2": 0.6418737197900527
    },
    "Flood": {
      "mse": 4377.447253862481,
      "rmse": 66.16227969064005,
      "mae": 46.38279117940565,
      "r2": 0.41451538893436246
    }
  },
  "LightGBM": {
    "Wildfire": {
      "mse": 3390.98596751112,
      "rmse": 58.23217295886459,
      "mae": 41.19140398614652,
      "r2": 0.18465981267532938
    },
    "Hurricane": {
      "mse": 1791.662393173392,
      "rmse": 42.32803318338087,
      "mae": 35.238717691533886,
      "r2": 0.5860516423649196
    },
    "Tornado": {
      "mse": 1538.0756337576297,
      "rmse": 39.2183073800697,
      "mae": 29.62912477332432,
      "r2": 0.5826977922708502
    },
    "Flood": {
      "mse": 4203.00119889884,
      "rmse": 64.83055760132594,
      "mae": 45.353012445491885,
      "r2": 0.43784759026521847
    },
    "Heatwave": {
      "mse": 4077.0953503855103,
      "rmse": 63.85213661566471,
      "mae": 49.860603507948525,
      "r2": 0.18990604751549522
    }
  },
  "CatBoost": {
    "Tornado": {
      "mse": 1174.835553630246,
      "rmse": 34.275874221239725,
      "mae": 26.395043350940195,
      "r2": 0.6812500897300768
    },
    "Wildfire": {
      "mse": 3246.904735284567,
      "rmse": 56.981617520780915,
      "mae": 40.67636035879644,
      "r2": 0.21930319368577644
    },
    "Heatwave": {
      "mse": 4053.3162570710274,
      "rmse": 63.66565995158636,
      "mae": 53.7241587422059,
      "r2": 0.19463080816839617
    },
    "Flood": {
      "mse": 4670.287108128623,
      "rmse": 68.33949888701719,
      "mae": 47.99774227131466,
      "r2": 0.3753479887953325
    },
    "Hurricane": {
      "mse": 2037.066520149095,
      "rmse": 45.133873312060146,
      "mae": 38.69860021831878,
      "r2": 0.5293531060192768
    }
  },
  "Blending": {
    "Flood": {
      "mse": 4428.626136286219,
      "rmse": 66.54792360612177,
      "mae": 45.270742516276364,
      "r2": 0.407670201240965
    },
    "Hurricane": {
      "mse": 1765.6597102238593,
      "rmse": 42.01975380965314,
      "mae": 35.41950973136033,
      "r2": 0.5920593411044126
    },
    "Tornado": {
      "mse": 1272.5684447977644,
      "rmse": 35.67307731045591,
      "mae": 28.017890165478505,
      "r2": 0.6547337401066714
    },
    "Wildfire": {
      "mse": 2907.2373982457925,
      "rmse": 53.918803753846326,
      "mae": 39.26273291501969,
      "r2": 0.3009739622653749
    },
    "Heatwave": {
      "mse": 3946.1298498572232,
      "rmse": 62.81822864310345,
      "mae": 51.65647278848701,
      "r2": 0.2159280928306826
    }
  },
  "Stacking": {
    "Flood": {
      "mse": 4573.72640680607,
      "rmse": 67.62933096524074,
      "mae": 50.09451035202269,
      "r2": 0.3882630055572537
    },
    "Hurricane": {
      "mse": 1937.5879295234909,
      "rmse": 44.01804095508444,
      "mae": 37.26609419869432,
      "r2": 0.5523367883057511
    },
    "Tornado": {
      "mse": 1702.2008092330495,
      "rmse": 41.25773635614355,
      "mae": 30.48503195677761,
      "r2": 0.5381682538225352
    },
    "Wildfire": {
      "mse": 2238.811554000105,
      "rmse": 47.31608134662152,
      "mae": 38.02022188918841,
      "r2": 0.46169254331569376
    },
    "Heatwave": {
      "mse": 3310.0800152913434,
      "rmse": 57.5332948412599,
      "mae": 50.29279625630204,
      "r2": 0.34230731141134896
    }
  }
}